<?xml version="1.0" encoding="UTF-8"?>
<dataroot xmlns:od="urn:schemas-microsoft-com:officedata" generated="2007-02-26T14:41:22">
<regione>
<id>1</id>
<regione>PIEMONTE</regione>
<cor>PIE</cor>
<superficie>25398.94</superficie>
<popolazione>4302565</popolazione>
<areageografica>N-O</areageografica>
<lat>45.261452</lat>
<lon>7.918692</lon>
</regione>
<regione>
<id>2</id>
<regione>VALLE D&apos;AOSTA</regione>
<cor>VAL</cor>
<superficie>3262.26</superficie>
<popolazione>115938</popolazione>
<areageografica>N-O</areageografica>
<lat>45.725496</lat>
<lon>7.371544</lon>
</regione>
<regione>
<id>3</id>
<regione>LOMBARDIA</regione>
<cor>LOM</cor>
<superficie>23857.56</superficie>
<popolazione>8856074</popolazione>
<areageografica>N-O</areageografica>
<lat>45.655808</lat>
<lon>9.963804</lon>
</regione>
<regione>
<id>4</id>
<regione>TRENTINO ALTO ADIGE</regione>
<cor>TRE</cor>
<superficie>13618.31</superficie>
<popolazione>890360</popolazione>
<areageografica>N-E</areageografica>
<lat>46.38126</lat>
<lon>11.432068</lon>
</regione>
<regione>
<id>5</id>
<regione>VENETO</regione>
<cor>VEN</cor>
<superficie>18363.89</superficie>
<popolazione>4380797</popolazione>
<areageografica>N-E</areageografica>
<lat>45.736348</lat>
<lon>11.862116</lon>
</regione>
<regione>
<id>6</id>
<regione>FRIULI VENEZIA GIULIA</regione>
<cor>FRI</cor>
<superficie>7846.47</superficie>
<popolazione>1197666</popolazione>
<areageografica>N-E</areageografica>
<lat>46.112413</lat>
<lon>13.117224</lon>
</regione>
<regione>
<id>7</id>
<regione>LIGURIA</regione>
<cor>LIG</cor>
<superficie>5416.21</superficie>
<popolazione>1676282</popolazione>
<areageografica>N-O</areageografica>
<lat>44.226897</lat>
<lon>9.682293</lon>
</regione>
<regione>
<id>8</id>
<regione>EMILIA ROMAGNA</regione>
<cor>EMI</cor>
<superficie>22123.18</superficie>
<popolazione>3909512</popolazione>
<areageografica>N-E</areageografica>
<lat>44.438468</lat>
<lon>10.975276</lon>
</regione>
<regione>
<id>9</id>
<regione>TOSCANA</regione>
<cor>TOS</cor>
<superficie>22992.38</superficie>
<popolazione>3529946</popolazione>
<areageografica>CEN</areageografica>
<lat>43.41598</lat>
<lon>11.029476</lon>
</regione>
<regione>
<id>10</id>
<regione>UMBRIA</regione>
<cor>UMB</cor>
<superficie>8456.04</superficie>
<popolazione>811831</popolazione>
<areageografica>CEN</areageografica>
<lat>42.989676</lat>
<lon>12.577876</lon>
</regione>
<regione>
<id>11</id>
<regione>MARCHE</regione>
<cor>MAR</cor>
<superficie>9693.49</superficie>
<popolazione>1429205</popolazione>
<areageografica>CEN</areageografica>
<lat>43.327052</lat>
<lon>13.006412</lon>
</regione>
<regione>
<id>12</id>
<regione>LAZIO</regione>
<cor>LAZ</cor>
<superficie>17202.69</superficie>
<popolazione>5140371</popolazione>
<areageografica>CEN</areageografica>
<lat>42.02163</lat>
<lon>12.738096</lon>
</regione>
<regione>
<id>13</id>
<regione>ABRUZZO</regione>
<cor>ABR</cor>
<superficie>10794.09</superficie>
<popolazione>1249054</popolazione>
<areageografica>SUD</areageografica>
<lat>42.287844</lat>
<lon>13.900566</lon>
</regione>
<regione>
<id>14</id>
<regione>MOLISE</regione>
<cor>MOL</cor>
<superficie>4437.64</superficie>
<popolazione>330900</popolazione>
<areageografica>SUD</areageografica>
<lat>41.716324</lat>
<lon>14.550672</lon>
</regione>
<regione>
<id>15</id>
<regione>CAMPANIA</regione>
<cor>CAM</cor>
<superficie>13595.34</superficie>
<popolazione>5630280</popolazione>
<areageografica>SUD</areageografica>
<lat>40.749036</lat>
<lon>14.784864</lon>
</regione>
<regione>
<id>16</id>
<regione>PUGLIA</regione>
<cor>PUG</cor>
<superficie>19347.74</superficie>
<popolazione>4031885</popolazione>
<areageografica>SUD</areageografica>
<lat>40.868568</lat>
<lon>16.726484</lon>
</regione>
<regione>
<id>17</id>
<regione>BASILICATA</regione>
<cor>BAS</cor>
<superficie>9992.27</superficie>
<popolazione>610528</popolazione>
<areageografica>SUD</areageografica>
<lat>40.514952</lat>
<lon>16.101436</lon>
</regione>
<regione>
<id>18</id>
<regione>CALABRIA</regione>
<cor>CAL</cor>
<superficie>15080.27</superficie>
<popolazione>2070203</popolazione>
<areageografica>SUD</areageografica>
<lat>39.028628</lat>
<lon>16.418544</lon>
</regione>
<regione>
<id>19</id>
<regione>SICILIA</regione>
<cor>SIC</cor>
<superficie>25708.88</superficie>
<popolazione>4966386</popolazione>
<areageografica>ISOLE</areageografica>
<lat>37.4746</lat>
<lon>14.038544</lon>
</regione>
<regione>
<id>20</id>
<regione>SARDEGNA</regione>
<cor>SAR</cor>
<superficie>24089.88</superficie>
<popolazione>1648248</popolazione>
<areageografica>ISOLE</areageografica>
<lat>40.061024</lat>
<lon>8.981832</lon>
</regione>
</dataroot>
