<?xml version="1.0" encoding="UTF-8"?>
<dataroot>
<region>
<id>1</id>
<region>PIEMONTE</region>
</region>
<region>
<id>2</id>
<region>VALLE D&apos;AOSTA</region>
</region>
<region>
<id>3</id>
<region>LOMBARDIA</region>
</region>
<region>
<id>4</id>
<region>TRENTINO ALTO ADIGE</region>
</region>
<region>
<id>5</id>
<region>VENETO</region>
</region>
<region>
<id>6</id>
<region>FRIULI VENEZIA GIULIA</region>
</region>
<region>
<id>7</id>
<region>LIGURIA</region>
</region>
</dataroot>