<?xml version="1.0" standalone="yes"?>
	<users>
	
		<user>
			<lastname>Marco</lastname>
			<firstname>Casario</firstname>
			<address>marco@email.com</address>
		</user>
		<user>
			<lastname>Emanuele</lastname>
			<firstname>Tatti</firstname>
			<address>ema@email.com</address>
		</user>
		<user>
			<lastname>Constantin</lastname>
			<firstname>Moldovanu</firstname>
			<address>constantin@email.com</address>
		</user>
		<user>
			<lastname>Francesco</lastname>
			<firstname>Rapana</firstname>
			<address>francesco@email.com</address>
		</user>
		<user>
			<lastname>Liviu</lastname>
			<firstname>Stoica</firstname>
			<address>liviu@email.com</address>
		</user>
		<user>
			<lastname>Raffaele</lastname>
			<firstname>Mannella</firstname>
			<address>raffaele@email.com</address>
		</user>
	</users>