<?xml version="1.0" encoding="UTF-8"?>
<dataroot>
<city>
	<id>1</id>
	<id_region>1</id_region>
	<region>PIEMONTE</region>
	<cityName>TORINO</cityName>
	<code>TO</code>
	<population>2236765</population>
	<male>1086745</male>
	<female>1150020</female>
	<family>886053</family>

</city>
<city>
	<id>2</id>
	<id_region>1</id_region>
	<region>PIEMONTE</region>
	<cityName>VERCELLI</cityName>
	<code>VC</code>
		<population>183869</population>
<male>88304</male>
	<female>95565</female>
	<family>75317</family>
</city>
<city>
	<id>3</id>
	<id_region>1</id_region>
	<region>PIEMONTE</region>
	<cityName>NOVARA</cityName>
	<code>NO</code>
	<population>334614</population>
	<male>160617</male>
	<female>173997</female>
	<family>130363</family>
</city>
<city>
<id>4</id>
<region>PIEMONTE</region>
<id_region>1</id_region>
<cityName>CUNEO</cityName>
<code>CN</code>
<population>547234</population>
<male>269082</male>
<female>278152</female>
<family>215356</family>
</city>
<city>
<id>5</id>
<region>PIEMONTE</region>
<id_region>1</id_region>
<cityName>ASTI</cityName>
<code>AT</code>
<population>208332</population>
<male>100528</male>
<female>107804</female>
<family>83570</family>
</city>
<city>
<id>6</id>
<region>PIEMONTE</region>
<id_region>1</id_region>
<cityName>ALESSANDRIA</cityName>
<code>AL</code>
<population>438245</population>
<male>209415</male>
<female>228830</female>
<family>181235</family>
</city>
<city>
<id>7</id>
<id_region>2</id_region>
<region>VALLE D&apos;AOSTA</region>
<cityName>AOSTA</cityName>
<code>AO</code>
<population>115938</population>
<male>57354</male>
<female>58584</female>
<family>48092</family>
</city>
<city>
<id>8</id>
<id_region>7</id_region>
<region>LIGURIA</region>
<cityName>IMPERIA</cityName>
<code>IM</code>
<population>213587</population>
<male>101363</male>
<female>112224</female>
<family>90934</family>
</city>
<city>
<id>9</id>
<id_region>7</id_region>
<region>LIGURIA</region>
<cityName>SAVONA</cityName>
<code>SV</code>
<population>284647</population>
<male>135116</male>
<female>149531</female>
<family>120883</family>
</city>
<city>
<id>10</id>
<id_region>7</id_region>
<region>LIGURIA</region>
<cityName>GENOVA</cityName>
<code>GE</code>
<population>950849</population>
<male>448336</male>
<female>502513</female>
<family>391796</family>
</city>
<city>
<id>11</id>
<id_region>7</id_region>
<region>LIGURIA</region>
<cityName>LA SPEZIA</cityName>
<code>SP</code>
<population>227199</population>
<male>108439</male>
<female>118760</female>
<family>90841</family>
</city>
<city>
<id>12</id>
<id_region>3</id_region>
<region>LOMBARDIA</region>
<cityName>VARESE</cityName>
<code>VA</code>
<population>797039</population>
<male>384059</male>
<female>412980</female>
<family>289925</family>
</city>
<city>
<id>13</id>
<id_region>3</id_region>
<region>LOMBARDIA</region>
<cityName>COMO</cityName>
<code>CO</code>
<population>522147</population>
<male>252672</male>
<female>269475</female>
<family>188961</family>
</city>
<city>
<id>14</id>
<id_region>3</id_region>
<region>LOMBARDIA</region>
<cityName>SONDRIO</cityName>
<code>SO</code>
<population>175496</population>
<male>86196</male>
<female>89300</female>
<family>63087</family>
</city>
<city>
<id>15</id>
<id_region>3</id_region>
<region>LOMBARDIA</region>
<cityName>MILANO</cityName>
<code>MI</code>
<population>3738685</population>
<male>1799138</male>
<female>1939547</female>
<family>1423856</family>
</city>
<city>
<id>16</id>
<id_region>3</id_region>
<region>LOMBARDIA</region>
<cityName>BERGAMO</cityName>
<code>BG</code>
<population>909692</population>
<male>445617</male>
<female>464075</female>
<family>321763</family>
</city>
<city>
<id>17</id>
<id_region>3</id_region>
<region>LOMBARDIA</region>
<cityName>BRESCIA</cityName>
<code>BS</code>
<population>1044544</population>
<male>508944</male>
<female>535600</female>
<family>376861</family>
</city>
<city>
<id>18</id>
<id_region>3</id_region>
<region>LOMBARDIA</region>
<cityName>PAVIA</cityName>
<code>PV</code>
<population>490898</population>
<male>234428</male>
<female>256470</female>
<family>198243</family>
</city>
<city>
<id>19</id>
<id_region>3</id_region>
<region>LOMBARDIA</region>
<cityName>CREMONA</cityName>
<code>CR</code>
<population>327970</population>
<male>158217</male>
<female>169753</female>
<family>122967</family>
</city>
<city>
<id>20</id>
<id_region>3</id_region>
<region>LOMBARDIA</region>
<cityName>MANTOVA</cityName>
<code>MN</code>
<population>369630</population>
<male>177810</male>
<female>191820</female>
<family>131156</family>
</city>
<city>
<id>21</id>
<id_region>4</id_region>
<region>TRENTINO ALTO ADIGE</region>
<cityName>BOLZANO</cityName>
<code>BZ</code>
<population>440508</population>
<male>216137</male>
<female>224371</female>
<family>146928</family>
</city>
<city>
<id>22</id>
<id_region>4</id_region>
<region>TRENTINO ALTO ADIGE</region>
<cityName>TRENTO</cityName>
<code>TN</code>
<population>449852</population>
<male>218624</male>
<female>231228</female>
<family>168888</family>
</city>
</dataroot>
