<?xml version="1.0" encoding="UTF-8"?>
<tt xml:lang="en" xmlns="http://www.w3.org/2006/04/ttaf1"  xmlns:tts="http://www.w3.org/2006/04/ttaf1#styling">
      <head>
          <styling>
              <style id="1" tts:textAlign="right"/>
              <style id="2" tts:color="transparent"/>
              <style id="3" style="2" tts:backgroundColor="white"/>
              <style id="4" style="2 3" tts:fontSize="20"/>
          </styling>
      </head>
      <body>
           <div xml:lang="en">
              <p begin="00:00:00.25" dur="00:00:15.00">Exhibition at Palacavicchi Club - Rome, Italy, July 2007</p>
              <p begin="00:00:15.10"dur="00:00:16.00">AbsoluteMambo members :</p>
              <p begin="00:00:16.10" dur="00:00:18.00" >Sabrina Ranucci</p>
              <p begin="00:00:18.10" dur="00:00:20.00">Martina di Cesare</p>
 <p begin="00:00:20.10" dur="00:00:23.00">Katia Madonna</p>
 <p begin="00:00:22.10" dur="00:02:25.00">Visit website http://www.absolutemambo.it to see the upcoming exhibition !</p>
          </div>    
      </body>
  </tt>

